y,x1,x2,x3,grupo
13.643472684679615,3.745401188473625,1.869146940551734,6.363905942589928,B
14.22681316634783,9.50714306409916,6.74388347862756,4.379466486813088,A
15.312343439257608,7.319939418114051,6.466175224429142,5.648332704976884,A
15.850061579326548,5.986584841970366,3.0129014517570285,4.739713891264631,A
15.477358900329218,1.5601864044243652,1.4430917248432291,5.193991929985437,B
15.46124730649668,1.5599452033620265,2.7385302076604336,6.190314050873827,a
8.125659006324474,0.5808361216819946,-1.493352790211977,3.3635586335330547,A
14.48202308060012,8.661761457749352,6.71788172355078,9.18477455137092,C
19.99052488178166,6.011150117432088,4.820221941172174,2.987965237000596,B
13.626732923587562,7.080725777960454,6.248731779603114,2.571622774424536,A
10.49827896980584,0.2058449429580244,-1.32995714583518,7.316221747000135,A
15.730624593318476,9.699098521619945,5.689775955513825,6.583325387925871,A
16.398547125848626,"4,271",6.8696496847434405,6.24823963410431,A
12.50846056677402,2.1233911067827616,1.9489249379668945,6.25669101852856,A
10.774883207132833,1.8182496720710064,1.6642786744683065,4.975506454306171,A
9.583635658181796,1.8340450985343384,1.7912716752971245,3.2054912570283367,A
12.933566115683762,3.042422429595377,1.465787156302344,5.151609116387453,A
11.416219033370655,5.247564316322379,,3.645676576975776,C
14.46149112477942,4.319450186421157,3.5912746077742854,6.950239466835503,A
15.14081012685154,2.91229140198042,1.3269968498536735,4.705885236995723,B
15.97409641991412,6.118528947223795,6.827826123791555,3.349005606414977,B
10.28239860441858,1.3949386065204183,1.6148034599844587,4.357228316694013,C
10.262389943351655,2.921446485352181,0.761520667370958,5.825862908551248,A
14.047716038925849,3.663618432936917,3.535578155063283,3.8725508943920506, B 
13.240983814957588,4.56069984217036,2.250906877354984,3.3555592088671373,C
10.46403032815434,7.851759613930136,6.833321234938545,5.487374422983825,C
10.102384898150792,1.9967378215835971,2.887868060996583,5.4899331422174455,C
13.346892839166989,5.142344384136116,2.8719395060800346,3.986113649257741,A
12.165942478523412,5.924145688620425,5.5991606215585055,4.057923388763355,A
11.469476413694736,0.4645041271999772,0.8437152077237808,5.464099874715273,B
9.781030049823064,6.075448519014383,5.543058581254176,2.103831317005352,C
13.510424834064692,1.7052412368729153,3.5550825068394234,2.185072451246889,B
11.935909805495898,0.6505159298527952,0.1934212081861517,3.563111557495128,B
16.941624867809075,9.488855372533331,6.212158132171012,4.573105696576306,A
15.0408857537156,9.656320330745594,6.174822932508567,5.621815131196009,C
15.276067334265328,8.08397348116461,5.0840077689149314,7.950712433899104,A
13.45894920975643,3.046137691733706,2.192081217503355,6.715319246404039,A
12.868563554418026,0.9767211400638388,1.1419232248278517,4.680122940073145,B
15.690307272846304,6.842330265121569,5.4637766580372,4.961967584194622,B
13.64138555250288,4.4015249373960135,4.293763601890238,2.9949412707243823,A
10.264594884266309,1.2203823484477885,0.9308890315893296,4.96297372801522,A
16.04408044259347,4.951769101112702,5.458067718423306,4.422682722159723,B
10.154715128750516,0.3438852111521839,-0.0596742915214092,5.645437120676179,A
17.127464673628246,9.09320402078782,10.084106015498408,3.345538112895354,B
12.680653928261153,2.587799816000169,2.6916506793181343,6.038693028482345,A
21.6531683076527,6.62522284353982,3.940328064955326,8.065477826005155,B
14.0233436644077,3.1171107608941098,1.0527620729972471,4.782479703086285,B
16.055114412604624,5.200680211778108,4.479477057125403,5.8034234441978825,grupo_c
16.583867533781312,5.4671027934327965,3.832171752683576,6.380287983422225,A
10.53931510443735,1.8485445552552704,2.243209009351963,4.197559056228328,A
15.625483265289104,9.695846277645586,7.839769857722443,5.448184963620833,A
11.595423555694309,7.7513282336111455,5.726101480020112,5.02518480156359,C
16.736796854912427,9.394989415641891,6.030089600049333,5.195352197097663,A
12.069618469655213,8.948273504276488,4.893388458584329,3.4539804322890677,C
14.213479530728389,5.978999788110851,3.948431898602714,5.049020348517885,A
20.09238144955645,9.218742350231167,7.941735315861543,5.9959965824909,B
9.89222509780376,0.884925020519195,0.9206062583456408,7.902287215590084,C
13.951749122867543,1.959828624191452,-0.0250150663107966,6.918541652170414,B
13.474214669311328,0.4522728891053806,0.5470217778504539,9.306364915023114,B
15.232973538898108,3.253303307632644,2.902358336399087,3.465304874223901,B
13.283047625137725,3.88677289689482,1.854450749229756,6.744641273441356,A
13.232627203708448,2.713490317738959,2.219587865438853,,C
13.005337845964714,8.287375091519294,6.285381780774671,9.379605866435345,C
12.846091885909708,3.567533266935893,1.304085592805172,3.383403429289697,C
11.67407269070324,2.809345096873808,2.536353655073296,3.320556315638448,A
16.254797847224346,5.426960831582485,4.743162055328745,3.801214709111956,B
5.796780359868979,1.4092422497476265,2.3565931791210524,0.7522085513803862,C
15.184780506542294,8.021969807540398,7.281039818097182,3.948489956638478,A
8.678957686895437,0.7455064367977082,-1.094073413950228,3.481734676892604,A
19.476408815282824,9.868869366005171,6.276261976605733,5.300787572952415,B
18.4197565729109,7.722447692966574,6.409878090375321,5.683511951554319,B
12.885748566993378,1.987156815341724,2.106910752600944,8.752341678431772,C
9.636326295515806,0.0552211712360239,0.6594731019942754,6.9008476763721,AA
12.78963164811501,8.154614284548341,10.73923850219692,3.8461926886751936,C
14.477211738816122,7.068573438476172,5.986498691688929,3.203170657303284,A
13.069193717895317,7.2900716804098735,6.830232528524124,5.983838343013011,A
11.069917515223556,7.712703466859457,6.929329716336435,2.359533585958716,A
11.49170763040886,0.7404465173409036,1.3370043895726351,8.662917531708707,C
17.77181877533363,3.5846572854427263,2.3101698705136298,7.358880241442574,B
12.09492125057897,1.1586905952512971,1.7797810110303938,4.06164869579059,B
12.73194265532486,8.631034258755935,5.545885436621866,1.573730941818245,A
15.990822743181798,6.232981268275579,4.390553623118674,7.707744748330826,C
12.33575239099856,3.308980248526492,1.899298928999945,4.770920309494764,A
9.146512077656787,0.6355835028602363,0.5749365944087643,7.4756326239469235,C
13.434724514164715,3.109823217156622,5.1099576928756765,1.8111446824112656,B
11.080765615155457,3.2518332202674705,0.1981566840905051,3.8012499540924543,A
18.436388968104676,7.29606178338064,6.295558565984896,5.010487399436366,B
12.499392203917491,6.375574713552132,2.846421989736516,5.093961187529484,A
18.813000803721252,"7,654",6.087777330375128,4.099869057041513,B
18.34189441933084,4.722149251619493,4.848352655075459,6.2456998646949975,B
9.227961828881948,1.195942459383017,0.974092867451818,2.8647591412348112,A
15.161689226231417,7.13244787222995,4.056042170657295,4.715241029957413,C
18.26987930012349,7.607850486168974,4.847523413514769,5.240591263423798,A
19.537526210680195,5.612771975694963,5.025096280492833,6.028877668117498,B
11.565181634899233,7.70967179954561,,6.423229756177779,C
13.60593177507101,4.937955963643907,3.9632172802313,2.750715816324261,B
11.590645077161865,5.227328293819941,3.975182428249532,1.9317716585287557,A
14.325248845744303,4.275410183585496,2.4246372205621416,7.555353643797018,C
12.344947658789083,0.2541912674409519,2.7633763577711044,5.664628023959184,B
8.579920921194486,1.0789142699330443,1.5698885292313969,3.5030269268868928,A
11.381941907904269,0.3142918568673425,-2.194452211338622,8.102303951045046,A
12.57592673092744,6.364104112637804,4.996823262201667,5.231349268585717,c
16.40369214592195,3.143559810763267,1.5635261003503844,7.358594368127653,B
15.161275735008983,5.085706911647028,4.83720018549074,5.135036962820218,B
14.593059523338976,9.07566473926093,5.855723668326457,9.121495849763974,C
11.713272871310611,2.4929222914887497,1.7320079888562834,8.510681684886409,C
12.256096420474604,4.103829230356297,3.683856657543771,4.502071703041853,A
18.408039297805196,7.555511385430487,6.705539772077011,6.943141901908711,A
11.873526121913434,2.2879816549162246,0.2756305527202369,6.290751899170295,A
16.57968597190982,0.7697990982879299,0.1759478407068094,7.737263115064698,B
11.923344268987046,2.8975145291376805,1.603201523460113,3.070153078839791,A
14.73417589331149,1.6122128725400442,0.4251645753165789,6.372102919996879,B
13.19999724662992,9.29697652342573,9.091277480906614,7.116848973699176,C
12.48659850295914,8.08120379564417,6.546880899886274,1.4825210271537714,C
12.532258219492926,6.334037565104235,3.237467428626122,2.63348297466845,A
10.943242797322617,8.714605901877178,7.637388762873615,0.9215356444797989,C
19.355291909818032,8.036720768991145,8.574128013158518,4.461186331110884,A
10.846765374432549,1.8657005888603584,2.638233754306645,6.435084511591924,C
19.259794816278337,8.925589984899778,4.8709485295300174,8.004714104192056,A
13.803567960485928,5.393422419156507,3.4639859269278785,5.14818956083955,A
15.92857717966399,8.074401551640625,7.576094542754415,8.257231091142584,C
16.382545304237897,8.960912999234932,5.871481390683662,2.239797083570217,A
9.884985723352674,3.1800347497186388,2.917609376064453,1.5932351212896907,A
14.447145738631482,1.1005192452767676,1.7549502980727798,4.888904602206763,B
15.776858705695004,2.279351625419417,0.5971971531708631,5.768130897878614,B
15.714860640969407,4.271077886262563,3.131877987422762,4.934610503811814,B
15.92677779294398,8.18014765922493,2.2455899363358114,0.8651157999202468,B
19.26066918997492,8.607305832563434,5.226214204821427,4.821759920974423,B
7.300936518028838,0.069521305311907,-0.250940802687862,2.3910609989902936,
13.282073905613162,5.107473025775658,2.3332649509739243,6.339345097660077,A
13.48992444437228,4.17411003148779,5.089476088333805,5.733196492193697,A
8.826140438876767,2.2210781047073027,-0.050361075022282,3.1202404273452897,C
12.19549732063724,1.198653673336828,0.3709368709662405,3.972266165326613,B
14.974361765038529,3.37615171403628,2.6890024782705195,2.881572956222097,B
17.55890741601069,9.429097039125192,8.801350726223234,4.874641805453656,B
11.315150260514516,3.2320293202075523,0.7009874087403372,6.910284641002477,C
13.769340192219827,5.187906217433661,5.2867261656611975,3.0285479073289125,A
19.432751125231327,7.030189588951778,5.284921864937338,6.008093031035688,B
15.908354336328694,3.63629602379294,1.5494116365871635,3.9394847632551184,B
18.17469512201682,9.717820827209607,7.84288978952313,3.414254335475312,B
16.188816328369565,9.624472949421111,7.457226346753997,4.785939280090885,A
9.828090340413578,2.5178229582536416,1.1681069660996777,2.929515355161252,C
12.110290835838224,4.972485058923855,3.813126296180914,3.892701389305636,C
11.723982150428752,3.0087830981676964,1.79421100739166,2.604244214822303,B
18.39467657245458,2.848404943774676,2.272524522132505,8.929450265832779,B
7.87234956998995,0.3688694735453279,1.0712089145842518,5.070527103943458,b
16.9496349707022,6.095643339798968,6.474952684223648,3.6005489840148286,B
13.024007355356671,5.026790232288615,2.2847140756242426,5.427959821468444,A
10.805930549765916,0.5147875124998935,2.94573068396244,4.77534390061834,B
15.96922375785833,2.7864646423661146,-0.252656877652416,4.558060800933554,B
18.23450025281116,9.082658859666536,6.629852030707204,6.22833340008685,B
16.425060505114754,2.395618906669724,2.5026948277837846,6.51501542009461,B
8.641050329376368,1.448948720912231,1.4239017819662123,3.938997704778945,C
12.17051807470395,4.89452760277563,2.92365627829701,3.84836351871064,C
18.558964861831942,9.856504541106007,7.142631705400776,4.449896605696712,B
8.368486804244334,2.4205527151150044,1.223813414745654,0.3961576705288303,A
11.71040208797299,6.721355474058786,4.333778897211036,1.9696178756028957,C
14.869690044862244,7.616196153287175,6.731669631390611,7.733748534889049,C
13.931271241409087,2.3763754399239967,2.210700163101054,8.289935427002568,A
12.87814448241867,7.282163486118596,4.630131100276162,4.501927920887243,C
13.079846427275172,3.677831327192532,3.8378933459143,6.153113926111533,D
17.273269655043215,6.3230583059357945,5.111053154503777,5.622500309087072,B
23.856924671015832,6.335297107608947,5.726907373313463,11.157761616910475,B
14.975839668772416,5.357746840747585,4.773864740869024,7.2391498228691535,A
9.67855988932223,0.902897700544083,-0.3176207376984244,4.744164817038467,A
13.032370207057625,8.35302495589238,5.592551468682921,3.0889191187991485,A
11.004794419321165,3.2078006497173583,3.302602813435933,1.787107359484855,C
11.92594956691168,1.8651851039985423,2.1313331465190646,5.406927271734446,A
9.031074118728114,0.4077514155476391,0.2807316489037516,3.487298509431393,A
10.713247272476911,5.908929431882418,4.572489933882352,2.155492580804652,A
17.2126076062203,6.775643618422825,6.614930588763228,3.706854231514946,B
6.510524931453634,0.1658782892785615,-0.5854769496440748,2.83690399277121,C
17.0491933972698,5.12093058299281,4.497214794648653,8.37428327014513,A
14.337592043364555,2.2649577519793795,1.456087131063862,6.763279513898901,A
16.792654096272546,6.451727904094499,4.57757848419821,4.9840547173667655,B
17.268043106363894,1.7436642900499144,2.626280439922064,7.959888277780052,B
19.061648483830417,6.90937738102466,6.17253265455413,5.154736615295237,A
14.502009770672634,3.867353463005374,3.8767266604547967,3.2774315973434724,B
16.106775940508733,9.367299887367343,8.592049484110703,8.046248154539315,A
12.905459483135324,1.3752094414599323,1.0566116910542602,6.077820087369317,A
42.0,9.8,8.0,5.0,A
4.0,0.4,0.2,5.0,C
38.0,9.5,9.2,8.0,B
